f/ Hz,Re(V)/ V,Im(V)/ V
8.00E+03,2.70265830252931e-02,-9.56238452812979e-04
8.02E+03,2.70701492234232e-02,-9.61353888185920e-04
8.03E+03,2.71139484891898e-02,-9.66503972558598e-04
8.05E+03,2.71579823969784e-02,-9.71689036605611e-04
8.07E+03,2.72022525361036e-02,-9.76909414890482e-04
8.09E+03,2.72467605109841e-02,-9.82165445920918e-04
8.10E+03,2.72915079413185e-02,-9.87457472204981e-04
8.12E+03,2.73364964622642e-02,-9.92785840308191e-04
8.14E+03,2.73817277246195e-02,-9.98150900911581e-04
8.15E+03,2.74272033950070e-02,-1.00355300887073e-03
8.17E+03,2.74729251560606e-02,-1.00899252327576e-03
8.19E+03,2.75188947066148e-02,-1.01446980751237e-03
8.20E+03,2.75651137618963e-02,-1.01998522932388e-03
8.22E+03,2.76115840537195e-02,-1.02553916087431e-03
8.24E+03,2.76583073306833e-02,-1.03113197881257e-03
8.26E+03,2.77052853583718e-02,-1.03676406433766e-03
8.27E+03,2.77525199195575e-02,-1.04243580326506e-03
8.29E+03,2.78000128144077e-02,-1.04814758609418e-03
8.31E+03,2.78477658606930e-02,-1.05389980807702e-03
8.32E+03,2.78957808940003e-02,-1.05969286928797e-03
8.34E+03,2.79440597679475e-02,-1.06552717469479e-03
8.36E+03,2.79926043544020e-02,-1.07140313423088e-03
8.37E+03,2.80414165437024e-02,-1.07732116286870e-03
8.39E+03,2.80904982448832e-02,-1.08328168069454e-03
8.41E+03,2.81398513859030e-02,-1.08928511298452e-03
8.43E+03,2.81894779138759e-02,-1.09533189028198e-03
8.44E+03,2.82393797953063e-02,-1.10142244847615e-03
8.46E+03,2.82895590163272e-02,-1.10755722888221e-03
8.48E+03,2.83400175829423e-02,-1.11373667832279e-03
8.49E+03,2.83907575212712e-02,-1.11996124921085e-03
8.51E+03,2.84417808777986e-02,-1.12623139963400e-03
8.53E+03,2.84930897196268e-02,-1.13254759344043e-03
8.54E+03,2.85446861347328e-02,-1.13891030032615e-03
8.56E+03,2.85965722322282e-02,-1.14531999592398e-03
8.58E+03,2.86487501426240e-02,-1.15177716189401e-03
8.60E+03,2.87012220180983e-02,-1.15828228601565e-03
8.61E+03,2.87539900327691e-02,-1.16483586228143e-03
8.63E+03,2.88070563829705e-02,-1.17143839099234e-03
8.65E+03,2.88604232875337e-02,-1.17809037885501e-03
8.66E+03,2.89140929880713e-02,-1.18479233908053e-03
8.68E+03,2.89680677492671e-02,-1.19154479148513e-03
8.70E+03,2.90223498591695e-02,-1.19834826259265e-03
8.71E+03,2.90769416294896e-02,-1.20520328573881e-03
8.73E+03,2.91318453959039e-02,-1.21211040117751e-03
8.75E+03,2.91870635183621e-02,-1.21907015618890e-03
8.77E+03,2.92425983813985e-02,-1.22608310518957e-03
8.78E+03,2.92984523944497e-02,-1.23314980984464e-03
8.80E+03,2.93546279921756e-02,-1.24027083918202e-03
8.82E+03,2.94111276347870e-02,-1.24744676970865e-03
8.83E+03,2.94679538083773e-02,-1.25467818552898e-03
8.85E+03,2.95251090252593e-02,-1.26196567846560e-03
8.87E+03,2.95825958243080e-02,-1.26930984818211e-03
8.88E+03,2.96404167713081e-02,-1.27671130230829e-03
8.90E+03,2.96985744593074e-02,-1.28417065656758e-03
8.92E+03,2.97570715089754e-02,-1.29168853490698e-03
8.94E+03,2.98159105689681e-02,-1.29926556962930e-03
8.95E+03,2.98750943162979e-02,-1.30690240152803e-03
8.97E+03,2.99346254567097e-02,-1.31459968002462e-03
8.99E+03,2.99945067250636e-02,-1.32235806330845e-03
9.00E+03,3.00547408857223e-02,-1.33017821847936e-03
9.02E+03,3.01153307329462e-02,-1.33806082169300e-03
9.04E+03,3.01762790912938e-02,-1.34600655830885e-03
9.06E+03,3.02375888160292e-02,-1.35401612304108e-03
9.07E+03,3.02992627935356e-02,-1.36209022011239e-03
9.09E+03,3.03613039417359e-02,-1.37022956341067e-03
9.11E+03,3.04237152105202e-02,-1.37843487664878e-03
9.12E+03,3.04864995821799e-02,-1.38670689352733e-03
9.14E+03,3.05496600718488e-02,-1.39504635790075e-03
9.16E+03,3.06131997279523e-02,-1.40345402394637e-03
9.17E+03,3.06771216326625e-02,-1.41193065633702e-03
9.19E+03,3.07414289023623e-02,-1.42047703041682e-03
9.21E+03,3.08061246881162e-02,-1.42909393238052e-03
9.23E+03,3.08712121761488e-02,-1.43778215945630e-03
9.24E+03,3.09366945883322e-02,-1.44654252009222e-03
9.26E+03,3.10025751826802e-02,-1.45537583414626e-03
9.28E+03,3.10688572538518e-02,-1.46428293308027e-03
9.29E+03,3.11355441336627e-02,-1.47326466015759e-03
9.31E+03,3.12026391916050e-02,-1.48232187064477e-03
9.33E+03,3.12701458353764e-02,-1.49145543201718e-03
9.34E+03,3.13380675114175e-02,-1.50066622416886e-03
9.36E+03,3.14064077054590e-02,-1.50995513962645e-03
9.38E+03,3.14751699430775e-02,-1.51932308376754e-03
9.40E+03,3.15443577902608e-02,-1.52877097504338e-03
9.41E+03,3.16139748539832e-02,-1.53829974520610e-03
9.43E+03,3.16840247827906e-02,-1.54791033954052e-03
9.45E+03,3.17545112673948e-02,-1.55760371710076e-03
9.46E+03,3.18254380412793e-02,-1.56738085095158e-03
9.48E+03,3.18968088813146e-02,-1.57724272841474e-03
9.50E+03,3.19686276083841e-02,-1.58719035132037e-03
9.51E+03,3.20408980880214e-02,-1.59722473626358e-03
9.53E+03,3.21136242310584e-02,-1.60734691486627e-03
9.55E+03,3.21868099942845e-02,-1.61755793404449e-03
9.57E+03,3.22604593811172e-02,-1.62785885628127e-03
9.58E+03,3.23345764422852e-02,-1.63825075990513e-03
9.60E+03,3.24091652765227e-02,-1.64873473937449e-03
9.62E+03,3.24842300312760e-02,-1.65931190556798e-03
9.63E+03,3.25597749034231e-02,-1.66998338608084e-03
9.65E+03,3.26358041400056e-02,-1.68075032552765e-03
9.67E+03,3.27123220389732e-02,-1.69161388585138e-03
9.68E+03,3.27893329499428e-02,-1.70257524663906e-03
9.70E+03,3.28668412749696e-02,-1.71363560544411e-03
9.72E+03,3.29448514693330e-02,-1.72479617811561e-03
9.74E+03,3.30233680423360e-02,-1.73605819913460e-03
9.75E+03,3.31023955581198e-02,-1.74742292195755e-03
9.77E+03,3.31819386364922e-02,-1.75889161936731e-03
9.79E+03,3.32620019537713e-02,-1.77046558383160e-03
9.80E+03,3.33425902436450e-02,-1.78214612786928e-03
9.82E+03,3.34237082980457e-02,-1.79393458442455e-03
9.84E+03,3.35053609680407e-02,-1.80583230724938e-03
9.85E+03,3.35875531647398e-02,-1.81784067129423e-03
9.87E+03,3.36702898602187e-02,-1.82996107310738e-03
9.89E+03,3.37535760884598e-02,-1.84219493124307e-03
9.91E+03,3.38374169463104e-02,-1.85454368667861e-03
9.92E+03,3.39218175944589e-02,-1.86700880324071e-03
9.94E+03,3.40067832584282e-02,-1.87959176804140e-03
9.96E+03,3.40923192295891e-02,-1.89229409192348e-03
9.97E+03,3.41784308661913e-02,-1.90511730991611e-03
9.99E+03,3.42651235944144e-02,-1.91806298170051e-03
1.00E+04,3.43524029094388e-02,-1.93113269208612e-03
1.00E+04,3.44402743765362e-02,-1.94432805149765e-03
1.00E+04,3.45287436321817e-02,-1.95765069647295e-03
1.01E+04,3.46178163851858e-02,-1.97110229017238e-03
1.01E+04,3.47074984178489e-02,-1.98468452289969e-03
1.01E+04,3.47977955871377e-02,-1.99839911263478e-03
1.01E+04,3.48887138258839e-02,-2.01224780557877e-03
1.01E+04,3.49802591440057e-02,-2.02623237671156e-03
1.01E+04,3.50724376297538e-02,-2.04035463036225e-03
1.02E+04,3.51652554509802e-02,-2.05461640079278e-03
1.02E+04,3.52587188564330e-02,-2.06901955279517e-03
1.02E+04,3.53528341770751e-02,-2.08356598230263e-03
1.02E+04,3.54476078274295e-02,-2.09825761701498e-03
1.02E+04,3.55430463069505e-02,-2.11309641703876e-03
1.02E+04,3.56391562014222e-02,-2.12808437554240e-03
1.03E+04,3.57359441843843e-02,-2.14322351942685e-03
1.03E+04,3.58334170185858e-02,-2.15851591001216e-03
1.03E+04,3.59315815574681e-02,-2.17396364374030e-03
1.03E+04,3.60304447466775e-02,-2.18956885289484e-03
1.03E+04,3.61300136256072e-02,-2.20533370633780e-03
1.03E+04,3.62302953289713e-02,-2.22126041026421e-03
1.04E+04,3.63312970884089e-02,-2.23735120897489e-03
1.04E+04,3.64330262341223e-02,-2.25360838566787e-03
1.04E+04,3.65354901965466e-02,-2.27003426324903e-03
1.04E+04,3.66386965080543e-02,-2.28663120516256e-03
1.04E+04,3.67426528046940e-02,-2.30340161624155e-03
1.05E+04,3.68473668279650e-02,-2.32034794357959e-03
1.05E+04,3.69528464266273e-02,-2.33747267742373e-03
1.05E+04,3.70590995585502e-02,-2.35477835208952e-03
1.05E+04,3.71661342925974e-02,-2.37226754689868e-03
1.05E+04,3.72739588105525e-02,-2.38994288714017e-03
1.05E+04,3.73825814090833e-02,-2.40780704505509e-03
1.06E+04,3.74920105017476e-02,-2.42586274084642e-03
1.06E+04,3.76022546210404e-02,-2.44411274371394e-03
1.06E+04,3.77133224204847e-02,-2.46255987291545e-03
1.06E+04,3.78252226767653e-02,-2.48120699885463e-03
1.06E+04,3.79379642919079e-02,-2.50005704419669e-03
1.06E+04,3.80515562955049e-02,-2.51911298501235e-03
1.07E+04,3.81660078469876e-02,-2.53837785195118e-03
1.07E+04,3.82813282379467e-02,-2.55785473144490e-03
1.07E+04,3.83975268945033e-02,-2.57754676694186e-03
1.07E+04,3.85146133797299e-02,-2.59745716017330e-03
1.07E+04,3.86325973961233e-02,-2.61758917245256e-03
1.07E+04,3.87514887881318e-02,-2.63794612600803e-03
1.08E+04,3.88712975447362e-02,-2.65853140535105e-03
1.08E+04,3.89920338020869e-02,-2.67934845867961e-03
1.08E+04,3.91137078461993e-02,-2.70040079931906e-03
1.08E+04,3.92363301157070e-02,-2.72169200720085e-03
1.08E+04,3.93599112046765e-02,-2.74322573038061e-03
1.08E+04,3.94844618654827e-02,-2.76500568659649e-03
1.09E+04,3.96099930117491e-02,-2.78703566486927e-03
1.09E+04,3.97365157213524e-02,-2.80931952714536e-03
1.09E+04,3.98640412394940e-02,-2.83186120998405e-03
1.09E+04,3.99925809818406e-02,-2.85466472629031e-03
1.09E+04,4.01221465377344e-02,-2.87773416709473e-03
1.09E+04,4.02527496734759e-02,-2.90107370338180e-03
1.10E+04,4.03844023356807e-02,-2.92468758796828e-03
1.10E+04,4.05171166547121e-02,-2.94858015743309e-03
1.10E+04,4.06509049481921e-02,-2.97275583410031e-03
1.10E+04,4.07857797245916e-02,-2.99721912807715e-03
1.10E+04,4.09217536869034e-02,-3.02197463934841e-03
1.10E+04,4.10588397363996e-02,-3.04702705992935e-03
1.11E+04,4.11970509764746e-02,-3.07238117607880e-03
1.11E+04,4.13364007165785e-02,-3.09804187057447e-03
1.11E+04,4.14769024762399e-02,-3.12401412505238e-03
1.11E+04,4.16185699891839e-02,-3.15030302241256e-03
1.11E+04,4.17614172075455e-02,-3.17691374929319e-03
1.11E+04,4.19054583061819e-02,-3.20385159861524e-03
1.12E+04,4.20507076870865e-02,-3.23112197220012e-03
1.12E+04,4.21971799839072e-02,-3.25873038346265e-03
1.12E+04,4.23448900665709e-02,-3.28668246018171e-03
1.12E+04,4.24938530460196e-02,-3.31498394735139e-03
1.12E+04,4.26440842790580e-02,-3.34364071011508e-03
1.13E+04,4.27955993733184e-02,-3.37265873678537e-03
1.13E+04,4.29484141923441e-02,-3.40204414195266e-03
1.13E+04,4.31025448607964e-02,-3.43180316968528e-03
1.13E+04,4.32580077697867e-02,-3.46194219682457e-03
1.13E+04,4.34148195823394e-02,-3.49246773637769e-03
1.13E+04,4.35729972389871e-02,-3.52338644101180e-03
1.14E+04,4.37325579635035e-02,-3.55470510665295e-03
1.14E+04,4.38935192687768e-02,-3.58643067619336e-03
1.14E+04,4.40558989628284e-02,-3.61857024331060e-03
1.14E+04,4.42197151549806e-02,-3.65113105640289e-03
1.14E+04,4.43849862621773e-02,-3.68412052264418e-03
1.14E+04,4.45517310154628e-02,-3.71754621216354e-03
1.15E+04,4.47199684666225e-02,-3.75141586235282e-03
1.15E+04,4.48897179949913e-02,-3.78573738230756e-03
1.15E+04,4.50609993144326e-02,-3.82051885740538e-03
1.15E+04,4.52338324804951e-02,-3.85576855402711e-03
1.15E+04,4.54082378977515e-02,-3.89149492442551e-03
1.15E+04,4.55842363273234e-02,-3.92770661174694e-03
1.16E+04,4.57618488946007e-02,-3.96441245521154e-03
1.16E+04,4.59410970971577e-02,-4.00162149545744e-03
1.16E+04,4.61220028128754e-02,-4.03934298005529e-03
1.16E+04,4.63045883082723e-02,-4.07758636919884e-03
1.16E+04,4.64888762470536e-02,-4.11636134157852e-03
1.16E+04,4.66748896988826e-02,-4.15567780044434e-03
1.17E+04,4.68626521483824e-02,-4.19554587986527e-03
1.17E+04,4.70521875043744e-02,-4.23597595119241e-03
1.17E+04,4.72435201093605e-02,-4.27697862973347e-03
1.17E+04,4.74366747492575e-02,-4.31856478164640e-03
1.17E+04,4.76316766633896e-02,-4.36074553106059e-03
1.17E+04,4.78285515547484e-02,-4.40353226743405e-03
1.18E+04,4.80273256005287e-02,-4.44693665315563e-03
1.18E+04,4.82280254629464e-02,-4.49097063140151e-03
1.18E+04,4.84306783003508e-02,-4.53564643425575e-03
1.18E+04,4.86353117786368e-02,-4.58097659110511e-03
1.18E+04,4.88419540829690e-02,-4.62697393731855e-03
1.18E+04,4.90506339298259e-02,-4.67365162322267e-03
1.19E+04,4.92613805793750e-02,-4.72102312338442e-03
1.19E+04,4.94742238481894e-02,-4.76910224621330e-03
1.19E+04,4.96891941223151e-02,-4.81790314389547e-03
1.19E+04,4.99063223707027e-02,-4.86744032267291e-03
1.19E+04,5.01256401590128e-02,-4.91772865348154e-03
1.19E+04,5.03471796638078e-02,-4.96878338296222e-03
1.20E+04,5.05709736871435e-02,-5.02062014485997e-03
1.20E+04,5.07970556715714e-02,-5.07325497182690e-03
1.20E+04,5.10254597155666e-02,-5.12670430764513e-03
1.20E+04,5.12562205893944e-02,-5.18098501988690e-03
1.20E+04,5.14893737514290e-02,-5.23611441302963e-03
1.21E+04,5.17249553649420e-02,-5.29211024204473e-03
1.21E+04,5.19630023153712e-02,-5.34899072647973e-03
1.21E+04,5.22035522280911e-02,-5.40677456505402e-03
1.21E+04,5.24466434866962e-02,-5.46548095078976e-03
1.21E+04,5.26923152518185e-02,-5.52512958670048e-03
1.21E+04,5.29406074804942e-02,-5.58574070206055e-03
1.22E+04,5.31915609460984e-02,-5.64733506928047e-03
1.22E+04,5.34452172588678e-02,-5.70993402141343e-03
1.22E+04,5.37016188870297e-02,-5.77355947032036e-03
1.22E+04,5.39608091785582e-02,-5.83823392552161e-03
1.22E+04,5.42228323835794e-02,-5.90398051376510e-03
1.22E+04,5.44877336774465e-02,-5.97082299934183e-03
1.23E+04,5.47555591845076e-02,-6.03878580518149e-03
1.23E+04,5.50263560025910e-02,-6.10789403476245e-03
1.23E+04,5.53001722282305e-02,-6.17817349487180e-03
1.23E+04,5.55770569826583e-02,-6.24965071925351e-03
1.23E+04,5.58570604385893e-02,-6.32235299318390e-03
1.23E+04,5.61402338478264e-02,-6.39630837901611e-03
1.24E+04,5.64266295697139e-02,-6.47154574273734e-03
1.24E+04,5.67163011004682e-02,-6.54809478158444e-03
1.24E+04,5.70093031034169e-02,-6.62598605276635e-03
1.24E+04,5.73056914401782e-02,-6.70525100334376e-03
1.24E+04,5.76055232028114e-02,-6.78592200131923e-03
1.24E+04,5.79088567469761e-02,-6.86803236799422e-03
1.25E+04,5.82157517261315e-02,-6.95161641165120e-03
1.25E+04,5.85262691268151e-02,-7.03670946262350e-03
1.25E+04,5.88404713050382e-02,-7.12334790981785e-03
1.25E+04,5.91584220238370e-02,-7.21156923875823e-03
1.25E+04,5.94801864920212e-02,-7.30141207122353e-03
1.25E+04,5.98058314041615e-02,-7.39291620655511e-03
1.26E+04,6.01354249818614e-02,-7.48612266471474e-03
1.26E+04,6.04690370163583e-02,-7.58107373117727e-03
1.26E+04,6.08067389125005e-02,-7.67781300374741e-03
1.26E+04,6.11486037341516e-02,-7.77638544139472e-03
1.26E+04,6.14947062510709e-02,-7.87683741520607e-03
1.26E+04,6.18451229873246e-02,-7.97921676156018e-03
1.27E+04,6.21999322712819e-02,-8.08357283763492e-03
1.27E+04,6.25592142872529e-02,-8.18995657936404e-03
1.27E+04,6.29230511288279e-02,-8.29842056196664e-03
1.27E+04,6.32915268539787e-02,-8.40901906317934e-03
1.27E+04,6.36647275419868e-02,-8.52180812932938e-03
1.27E+04,6.40427413522616e-02,-8.63684564439335e-03
1.28E+04,6.44256585851202e-02,-8.75419140219597e-03
1.28E+04,6.48135717445966e-02,-8.87390718191155e-03
1.28E+04,6.52065756033551e-02,-8.99605682703979e-03
1.28E+04,6.56047672697827e-02,-9.12070632803904e-03
1.28E+04,6.60082462573397e-02,-9.24792390880913e-03
1.28E+04,6.64171145562487e-02,-9.37778011722866e-03
1.29E+04,6.68314767076071e-02,-9.51034791996292e-03
1.29E+04,6.72514398800074e-02,-9.64570280177205e-03
1.29E+04,6.76771139487586e-02,-9.78392286956285e-03
1.29E+04,6.81086115777974e-02,-9.92508896144180e-03
1.29E+04,6.85460483043865e-02,-1.00692847610433e-02
1.30E+04,6.89895426266990e-02,-1.02165969174238e-02
1.30E+04,6.94392160943884e-02,-1.03671151708292e-02
1.30E+04,6.98951934022504e-02,-1.05209324846646e-02
1.30E+04,7.03576024870832e-02,-1.06781451840123e-02
1.30E+04,7.08265746278560e-02,-1.08388531010700e-02
1.30E+04,7.13022445493008e-02,-1.10031597279000e-02
1.31E+04,7.17847505290415e-02,-1.11711723769090e-02
1.31E+04,7.22742345083816e-02,-1.13430023495029e-02
1.31E+04,7.27708422068692e-02,-1.15187651133890e-02
1.31E+04,7.32747232407669e-02,-1.16985804890312e-02
1.31E+04,7.37860312455495e-02,-1.18825728457929e-02
1.31E+04,7.43049240025598e-02,-1.20708713083412e-02
1.32E+04,7.48315635699529e-02,-1.22636099739207e-02
1.32E+04,7.53661164180594e-02,-1.24609281411476e-02
1.32E+04,7.59087535693000e-02,-1.26629705510167e-02
1.32E+04,7.64596507427856e-02,-1.28698876408617e-02
1.32E+04,7.70189885037344e-02,-1.30818358120573e-02
1.32E+04,7.75869524178390e-02,-1.32989777123084e-02
1.33E+04,7.81637332107134e-02,-1.35214825334251e-02
1.33E+04,7.87495269325467e-02,-1.37495263255483e-02
1.33E+04,7.93445351280896e-02,-1.39832923288534e-02
1.33E+04,7.99489650120921e-02,-1.42229713238362e-02
1.33E+04,8.05630296503044e-02,-1.44687620013557e-02
1.33E+04,8.11869481461468e-02,-1.47208713536983e-02
1.34E+04,8.18209458331441e-02,-1.49795150880116e-02
1.34E+04,8.24652544732065e-02,-1.52449180635578e-02
1.34E+04,8.31201124608258e-02,-1.55173147543339e-02
1.34E+04,8.37857650332375e-02,-1.57969497387247e-02
1.34E+04,8.44624644865798e-02,-1.60840782179715e-02
1.34E+04,8.51504703980551e-02,-1.63789665653689e-02
1.35E+04,8.58500498540707e-02,-1.66818929082467e-02
1.35E+04,8.65614776843024e-02,-1.69931477449417e-02
1.35E+04,8.72850367015874e-02,-1.73130345991304e-02
1.35E+04,8.80210179475042e-02,-1.76418707140714e-02
1.35E+04,8.87697209434459e-02,-1.79799877894952e-02
1.35E+04,8.95314539469367e-02,-1.83277327640905e-02
1.36E+04,9.03065342128647e-02,-1.86854686467550e-02
1.36E+04,9.10952882592297e-02,-1.90535754000272e-02
1.36E+04,9.18980521369089e-02,-1.94324508793723e-02
1.36E+04,9.27151717028403e-02,-1.98225118322838e-02
1.36E+04,9.35470028958980e-02,-2.02241949614669e-02
1.36E+04,9.43939120146018e-02,-2.06379580567069e-02
1.37E+04,9.52562759956351e-02,-2.10642812003806e-02
1.37E+04,9.61344826919722e-02,-2.15036680519677e-02
1.37E+04,9.70289311492042e-02,-2.19566472173344e-02
1.37E+04,9.79400318784125e-02,-2.24237737090293e-02
1.37E+04,9.88682071236797e-02,-2.29056305043227e-02
1.38E+04,9.98138911220017e-02,-2.34028302082637e-02
1.38E+04,1.00777530353029e-01,-2.39160168296138e-02
1.38E+04,1.01759583775657e-01,-2.44458676781499e-02
1.38E+04,1.02760523048013e-01,-2.49930953925156e-02
1.38E+04,1.03780832726904e-01,-2.55584501085467e-02
1.38E+04,1.04821010442142e-01,-2.61427217788019e-02
1.39E+04,1.05881567040522e-01,-2.67467426549036e-02
1.39E+04,1.06963026693446e-01,-2.73713899452405e-02
1.39E+04,1.08065926961286e-01,-2.80175886616054e-02
1.39E+04,1.09190818806594e-01,-2.86863146694523e-02
1.39E+04,1.10338266547098e-01,-2.93785979576462e-02
1.39E+04,1.11508847738128e-01,-3.00955261448750e-02
1.40E+04,1.12703152972598e-01,-3.08382482412815e-02
1.40E+04,1.13921785584983e-01,-3.16079786853736e-02
1.40E+04,1.15165361243768e-01,-3.24060016778783e-02
1.40E+04,1.16434507414605e-01,-3.32336758359344e-02
1.40E+04,1.17729862673891e-01,-3.40924391928695e-02
1.40E+04,1.19052075849551e-01,-3.49838145707764e-02
1.41E+04,1.20401804962492e-01,-3.59094153552083e-02
1.41E+04,1.21779715938388e-01,-3.68709517035380e-02
1.41E+04,1.23186481055101e-01,-3.78702372208670e-02
1.41E+04,1.24622777086078e-01,-3.89091961398426e-02
1.41E+04,1.26089283094358e-01,-3.99898710432970e-02
1.41E+04,1.27586677825304e-01,-4.11144311712676e-02
1.42E+04,1.29115636638738e-01,-4.22851813566650e-02
1.42E+04,1.30676827912582e-01,-4.35045716365593e-02
1.42E+04,1.32270908840351e-01,-4.47752075887411e-02
1.42E+04,1.33898520533662e-01,-4.60998614457798e-02
1.42E+04,1.35560282328060e-01,-4.74814840411678e-02
1.42E+04,1.37256785175849e-01,-4.89232176441972e-02
1.43E+04,1.38988583992780e-01,-5.04284097417713e-02
1.43E+04,1.40756188806256e-01,-5.20006278262674e-02
1.43E+04,1.42560054530753e-01,-5.36436752485225e-02
1.43E+04,1.44400569171042e-01,-5.53616081937404e-02
1.43E+04,1.46278040225158e-01,-5.71587538351800e-02
1.43E+04,1.48192679026361e-01,-5.90397297153934e-02
1.44E+04,1.50144582726106e-01,-6.10094643968773e-02
1.44E+04,1.52133713577744e-01,-6.30732194125255e-02
1.44E+04,1.54159875132595e-01,-6.52366125301885e-02
1.44E+04,1.56222684905722e-01,-6.75056423237750e-02
1.44E+04,1.58321543007376e-01,-6.98867140141208e-02
1.44E+04,1.60455596167146e-01,-7.23866665044566e-02
1.45E+04,1.62623696500723e-01,-7.50128004854063e-02
1.45E+04,1.64824354283408e-01,-7.77729074202410e-02
1.45E+04,1.67055683899768e-01,-8.06752991391788e-02
1.45E+04,1.69315342035155e-01,-8.37288376676228e-02
1.45E+04,1.71600457062758e-01,-8.69429647824402e-02
1.46E+04,1.73907548460380e-01,-9.03277306265215e-02
1.46E+04,1.76232434966526e-01,-9.38938205078143e-02
1.46E+04,1.78570130059007e-01,-9.76525787562010e-02
1.46E+04,1.80914723216331e-01,-1.01616028200044e-01
1.46E+04,1.83259245310581e-01,-1.05796883442434e-01
1.46E+04,1.85595516391272e-01,-1.10208555652182e-01
1.47E+04,1.87913974068430e-01,-1.14865146021823e-01
1.47E+04,1.90203480711182e-01,-1.19781424369166e-01
1.47E+04,1.92451107774164e-01,-1.24972788554227e-01
1.47E+04,1.94641895786215e-01,-1.30455199435184e-01
1.47E+04,1.96758588933901e-01,-1.36245084983330e-01
1.47E+04,1.98781343810396e-01,-1.42359205912154e-01
1.48E+04,2.00687412858975e-01,-1.48814473754227e-01
1.48E+04,2.02450804419548e-01,-1.55627710763167e-01
1.48E+04,2.04041923206846e-01,-1.62815339373817e-01
1.48E+04,2.05427197650335e-01,-1.70392987306730e-01
1.48E+04,2.06568703965959e-01,-1.78374992890720e-01
1.48E+04,2.07423801273009e-01,-1.86773794008817e-01
1.49E+04,2.07944797671247e-01,-1.95599183551206e-01
1.49E+04,2.08078674071376e-01,-2.04857414803374e-01
1.49E+04,2.07766900760430e-01,-2.14550142366472e-01
1.49E+04,2.06945391069227e-01,-2.24673188708756e-01
1.49E+04,2.05544646740839e-01,-2.35215134135354e-01
1.49E+04,2.03490159976119e-01,-2.46155739796355e-01
1.50E+04,2.00703146472928e-01,-2.57464230297642e-01
1.50E+04,1.97101690287854e-01,-2.69097485336516e-01
1.50E+04,1.92602382537109e-01,-2.80998218915781e-01
1.50E+04,1.87122528619038e-01,-2.93093259622266e-01
1.50E+04,1.80582979062577e-01,-3.05292084389900e-01
1.50E+04,1.72911603493731e-01,-3.17485797445791e-01
1.51E+04,1.64047372527142e-01,-3.29546779809917e-01
1.51E+04,1.53944937568950e-01,-3.41329254422973e-01
1.51E+04,1.42579506004628e-01,-3.52671007437760e-01
1.51E+04,1.29951706544388e-01,-3.63396466651266e-01
1.51E+04,1.16092040195678e-01,-3.73321254704388e-01
1.51E+04,1.01064435853984e-01,-3.82258204203755e-01
1.52E+04,8.49683988571676e-02,-3.90024650146985e-01
1.52E+04,6.79392779790042e-02,-3.96450619663126e-01
1.52E+04,5.01462955412487e-02,-4.01387349857795e-01
1.52E+04,3.17881863117291e-02,-4.04715419480737e-01
1.52E+04,1.30865539982308e-02,-4.06351717473767e-01
1.52E+04,-5.72265939918923e-03,-4.06254518991521e-01
1.53E+04,-2.43989378574942e-02,-4.04426104317165e-01
1.53E+04,-4.27073576636861e-02,-4.00912619039522e-01
1.53E+04,-6.04282647172882e-02,-3.95801191507444e-01
1.53E+04,-7.73656438658927e-02,-3.89214638313060e-01
1.53E+04,-9.33535492466023e-02,-3.81304343522000e-01
1.54E+04,-1.08260228064521e-01,-3.72242051176771e-01
1.54E+04,-1.21989856637027e-01,-3.62211346659716e-01
1.54E+04,-1.34482066116532e-01,-3.51399530273085e-01
1.54E+04,-1.45709628902448e-01,-3.39990435171761e-01
1.54E+04,-1.55674787696441e-01,-3.28158550268636e-01
1.54E+04,-1.64404738839081e-01,-3.16064614430824e-01
1.55E+04,-1.71946745357242e-01,-3.03852679880654e-01
1.55E+04,-1.78363275377970e-01,-2.91648516705789e-01
1.55E+04,-1.83727461067396e-01,-2.79559151552165e-01
1.55E+04,-1.88119070966169e-01,-2.67673297889907e-01
1.55E+04,-1.91621097502685e-01,-2.56062433589112e-01
1.55E+04,-1.94316988527010e-01,-2.44782303089604e-01
1.56E+04,-1.96288498952276e-01,-2.33874656053033e-01
1.56E+04,-1.97614104692889e-01,-2.23369073903855e-01
1.56E+04,-1.98367902886085e-01,-2.13284774378788e-01
1.56E+04,-1.98618916056512e-01,-2.03632318656702e-01
1.56E+04,-1.98430719743137e-01,-1.94415174186200e-01
1.56E+04,-1.97861320016662e-01,-1.85631108596477e-01
1.57E+04,-1.96963216846651e-01,-1.77273406488836e-01
1.57E+04,-1.95783599701957e-01,-1.69331912291890e-01
1.57E+04,-1.94364631956532e-01,-1.61793909697114e-01
1.57E+04,-1.92743789963837e-01,-1.54644852425113e-01
1.57E+04,-1.90954230734311e-01,-1.47868963048599e-01
1.57E+04,-1.89025168906451e-01,-1.41449717010069e-01
1.58E+04,-1.86982249188661e-01,-1.35370228364904e-01
1.58E+04,-1.84847904789428e-01,-1.29613552561407e-01
1.58E+04,-1.82641695705386e-01,-1.24162920031139e-01
1.58E+04,-1.80380623265358e-01,-1.19001912706924e-01
1.58E+04,-1.78079419189551e-01,-1.14114593943951e-01
1.58E+04,-1.75750808755586e-01,-1.09485600771776e-01
1.59E+04,-1.73405748585421e-01,-1.05100205996136e-01
1.59E+04,-1.71053640177537e-01,-1.00944356418651e-01
1.59E+04,-1.68702520686023e-01,-9.70046923530893e-02
1.59E+04,-1.66359232655124e-01,-9.32685526823415e-02
1.59E+04,-1.64029574502741e-01,-8.97239689081060e-02
1.59E+04,-1.61718433546722e-01,-8.63596509807916e-02
1.60E+04,-1.59429903311188e-01,-8.31649671442589e-02
1.60E+04,-1.57167386757552e-01,-8.01299195735557e-02
1.60E+04,-1.54933686971122e-01,-7.72451172093002e-02
1.60E+04,-1.52731086710217e-01,-7.45017468869976e-02
1.60E+04,-1.50561418097823e-01,-7.18915436119178e-02
1.60E+04,-1.48426123611258e-01,-6.94067606304297e-02
1.61E+04,-1.46326309406223e-01,-6.70401397884097e-02
1.61E+04,-1.44262791900030e-01,-6.47848825394856e-02
1.61E+04,-1.42236138435827e-01,-6.26346218644191e-02
1.61E+04,-1.40246702755590e-01,-6.05833952829719e-02
1.61E+04,-1.38294655924595e-01,-5.86256190770058e-02
1.62E+04,-1.36380013273679e-01,-5.67560637949957e-02
1.62E+04,-1.34502657857307e-01,-5.49698310707924e-02
1.62E+04,-1.32662360864774e-01,-5.32623317611307e-02
1.62E+04,-1.30858799368108e-01,-5.16292653852037e-02
1.62E+04,-1.29091571742707e-01,-5.00666008340933e-02
1.62E+04,-1.27360211054942e-01,-4.85705583068156e-02
1.63E+04,-1.25664196674141e-01,-4.71375924222007e-02
1.63E+04,-1.24002964334076e-01,-4.57643764509983e-02
1.63E+04,-1.22375914840772e-01,-4.44477876099075e-02
1.63E+04,-1.20782421598674e-01,-4.31848933581061e-02
1.63E+04,-1.19221837105486e-01,-4.19729386369682e-02
1.63E+04,-1.17693498547061e-01,-4.08093339946589e-02
1.64E+04,-1.16196732607128e-01,-3.96916445389443e-02
1.64E+04,-1.14730859592148e-01,-3.86175796636685e-02
1.64E+04,-1.13295196958972e-01,-3.75849834967573e-02
1.64E+04,-1.11889062321882e-01,-3.65918260202160e-02
1.64E+04,-1.10511776005977e-01,-3.56361948152813e-02
1.64E+04,-1.09162663205427e-01,-3.47162873886252e-02
1.65E+04,-1.07841055797754e-01,-3.38304040382107e-02
1.65E+04,-1.06546293858874e-01,-3.29769412200514e-02
1.65E+04,-1.05277726918004e-01,-3.21543853796926e-02
1.65E+04,-1.04034714986646e-01,-3.13613072146864e-02
1.65E+04,-1.02816629391548e-01,-3.05963563366838e-02
1.65E+04,-1.01622853437808e-01,-2.98582563039821e-02
1.66E+04,-1.00452782924981e-01,-2.91457999974589e-02
1.66E+04,-9.93058265362179e-02,-2.84578453147984e-02
1.66E+04,-9.81814061178957e-02,-2.77933111597460e-02
1.66E+04,-9.70789568650620e-02,-2.71511737048595e-02
1.66E+04,-9.59979274260451e-02,-2.65304629078191e-02
1.66E+04,-9.49377799379146e-02,-2.59302592628516e-02
1.67E+04,-9.38979900030035e-02,-2.53496907702129e-02
1.67E+04,-9.28780466153960e-02,-2.47879301079471e-02
1.67E+04,-9.18774520451677e-02,-2.42441919913407e-02
1.67E+04,-9.08957216871551e-02,-2.37177307065804e-02
1.67E+04,-8.99323838801731e-02,-2.32078378061474e-02
1.67E+04,-8.89869797018280e-02,-2.27138399544191e-02
1.68E+04,-8.80590627434059e-02,-2.22350969128156e-02
1.68E+04,-8.71481988687314e-02,-2.17709996546340e-02
1.68E+04,-8.62539659603729e-02,-2.13209686004500e-02
1.68E+04,-8.53759536561203e-02,-2.08844519656513e-02
1.68E+04,-8.45137630782716e-02,-2.04609242122976e-02
1.68E+04,-8.36670065579023e-02,-2.00498845980795e-02
1.69E+04,-8.28353073560081e-02,-1.96508558156910e-02
1.69E+04,-8.20182993831267e-02,-1.92633827164191e-02
1.69E+04,-8.12156269188217e-02,-1.88870311122133e-02
1.69E+04,-8.04269443322054e-02,-1.85213866509193e-02
1.69E+04,-7.96519158044923e-02,-1.81660537597460e-02
1.70E+04,-7.88902150544302e-02,-1.78206546523984e-02
1.70E+04,-7.81415250673089e-02,-1.74848283956364e-02
1.70E+04,-7.74055378281306e-02,-1.71582300313264e-02
1.70E+04,-7.66819540594246e-02,-1.68405297503336e-02
1.70E+04,-7.59704829640958e-02,-1.65314121148670e-02
1.70E+04,-7.52708419736155e-02,-1.62305753261235e-02
1.71E+04,-7.45827565018011e-02,-1.59377305343087e-02
1.71E+04,-7.39059597043640e-02,-1.56526011883085e-02
1.71E+04,-7.32401922443597e-02,-1.53749224224845e-02
1.71E+04,-7.25852020636268e-02,-1.51044404782355e-02
1.71E+04,-7.19407441602637e-02,-1.48409121581351e-02
1.71E+04,-7.13065803721607e-02,-1.45841043106029e-02
1.72E+04,-7.06824791665739e-02,-1.43337933432088e-02
1.72E+04,-7.00682154357085e-02,-1.40897647628395e-02
1.72E+04,-6.94635702982518e-02,-1.38518127410718e-02
1.72E+04,-6.88683309067886e-02,-1.36197397032164e-02
1.72E+04,-6.82822902610076e-02,-1.33933559395911e-02
1.72E+04,-6.77052470266037e-02,-1.31724792376834e-02
1.73E+04,-6.71370053597673e-02,-1.29569345339487e-02
1.73E+04,-6.65773747371431e-02,-1.27465535840727e-02
1.73E+04,-6.60261697911415e-02,-1.25411746506063e-02
1.73E+04,-6.54832101504715e-02,-1.23406422069474e-02
1.73E+04,-6.49483202857677e-02,-1.21448066567145e-02
1.73E+04,-6.44213293601799e-02,-1.19535240676168e-02
1.74E+04,-6.39020710847899e-02,-1.17666559189822e-02
1.74E+04,-6.33903835787224e-02,-1.15840688621598e-02
1.74E+04,-6.28861092338172e-02,-1.14056344930604e-02
1.74E+04,-6.23890945837261e-02,-1.12312291361471e-02
1.74E+04,-6.18991901773049e-02,-1.10607336392305e-02
1.74E+04,-6.14162504561668e-02,-1.08940331784613e-02
1.75E+04,-6.09401336362716e-02,-1.07310170729548e-02
1.75E+04,-6.04707015934197e-02,-1.05715786085105e-02
1.75E+04,-6.00078197525289e-02,-1.04156148699293e-02
1.75E+04,-5.95513569805715e-02,-1.02630265814558e-02
1.75E+04,-5.91011854830502e-02,-1.01137179549047e-02
1.75E+04,-5.86571807038999e-02,-9.96759654505599e-03
1.76E+04,-5.82192212286980e-02,-9.82457311192734e-03
1.76E+04,-5.77871886910744e-02,-9.68456148955760e-03
1.76E+04,-5.73609676822141e-02,-9.54747846095488e-03
1.76E+04,-5.69404456633449e-02,-9.41324363888355e-03
1.76E+04,-5.65255128811123e-02,-9.28177935218455e-03
1.76E+04,-5.61160622857395e-02,-9.15301053733950e-03
1.77E+04,-5.57119894518796e-02,-9.02686463500715e-03
1.77E+04,-5.53131925020656e-02,-8.90327149127550e-03
1.77E+04,-5.49195720326693e-02,-8.78216326338770e-03
1.77E+04,-5.45310310422819e-02,-8.66347432971416e-03
1.77E+04,-5.41474748624329e-02,-8.54714120375504e-03
1.78E+04,-5.37688110905660e-02,-8.43310245197066e-03
1.78E+04,-5.33949495251921e-02,-8.32129861524726e-03
1.78E+04,-5.30258021031468e-02,-8.21167213381794e-03
1.78E+04,-5.26612828388756e-02,-8.10416727546681e-03
1.78E+04,-5.23013077656785e-02,-7.99873006685498e-03
1.78E+04,-5.19457948788451e-02,-7.89530822781549e-03
1.79E+04,-5.15946640806138e-02,-7.79385110847244e-03
1.79E+04,-5.12478371268929e-02,-7.69430962904762e-03
1.79E+04,-5.09052375756806e-02,-7.59663622222513e-03
1.79E+04,-5.05667907371268e-02,-7.50078477795142e-03
1.79E+04,-5.02324236251780e-02,-7.40671059055496e-03
1.79E+04,-4.99020649107506e-02,-7.31437030807517e-03
1.80E+04,-4.95756448763809e-02,-7.22372188369693e-03
1.80E+04,-4.92530953722998e-02,-7.13472452919198e-03
1.80E+04,-4.89343497738821e-02,-7.04733867027327e-03
1.80E+04,-4.86193429404249e-02,-6.96152590377403e-03
1.80E+04,-4.83080111752082e-02,-6.87724895656716e-03
1.80E+04,-4.80002921867929e-02,-6.79447164614518e-03
1.81E+04,-4.76961250515160e-02,-6.71315884278493e-03
1.81E+04,-4.73954501771398e-02,-6.63327643322536e-03
1.81E+04,-4.70982092676165e-02,-6.55479128578958e-03
1.81E+04,-4.68043452889306e-02,-6.47767121688697e-03
1.81E+04,-4.65138024359821e-02,-6.40188495883306e-03
1.81E+04,-4.62265261004753e-02,-6.32740212892927e-03
1.82E+04,-4.59424628397781e-02,-6.25419319974610e-03
1.82E+04,-4.56615603467218e-02,-6.18222947055761e-03
1.82E+04,-4.53837674203065e-02,-6.11148303987610e-03
1.82E+04,-4.51090339372837e-02,-6.04192677903967e-03
1.82E+04,-4.48373108245862e-02,-5.97353430680660e-03
1.82E+04,-4.45685500325770e-02,-5.90627996491361e-03
1.83E+04,-4.43027045090906e-02,-5.84013879455637e-03
1.83E+04,-4.40397281742383e-02,-5.77508651375296e-03
1.83E+04,-4.37795758959553e-02,-5.71109949555287e-03
1.83E+04,-4.35222034662626e-02,-5.64815474705599e-03
1.83E+04,-4.32675675782208e-02,-5.58622988920711e-03
1.83E+04,-4.30156258035550e-02,-5.52530313733408e-03
1.84E+04,-4.27663365709250e-02,-5.46535328239815e-03
1.84E+04,-4.25196591448239e-02,-5.40635967292742e-03
1.84E+04,-4.22755536050817e-02,-5.34830219760499e-03
1.84E+04,-4.20339808269559e-02,-5.29116126848516e-03
1.84E+04,-4.17949024617896e-02,-5.23491780481187e-03
1.84E+04,-4.15582809182189e-02,-5.17955321741509e-03
1.85E+04,-4.13240793439113e-02,-5.12504939366169e-03
1.85E+04,-4.10922616078199e-02,-5.07138868293860e-03
1.85E+04,-4.08627922829351e-02,-5.01855388264689e-03
1.85E+04,-4.06356366295187e-02,-4.96652822468636e-03
1.85E+04,-4.04107605788058e-02,-4.91529536241137e-03
1.86E+04,-4.01881307171579e-02,-4.86483935803906e-03
1.86E+04,-3.99677142706557e-02,-4.81514467049259e-03
1.86E+04,-3.97494790901148e-02,-4.76619614366184e-03
1.86E+04,-3.95333936365141e-02,-4.71797899506590e-03
1.86E+04,-3.93194269668210e-02,-4.67047880490140e-03
1.86E+04,-3.91075487202038e-02,-4.62368150546193e-03
1.87E+04,-3.88977291046178e-02,-4.57757337091436e-03
1.87E+04,-3.86899388837535e-02,-4.53214100741837e-03
1.87E+04,-3.84841493643372e-02,-4.48737134357618e-03
1.87E+04,-3.82803323837709e-02,-4.44325162119985e-03
1.87E+04,-3.80784602981037e-02,-4.39976938638441e-03
1.87E+04,-3.78785059703225e-02,-4.35691248087523e-03
1.88E+04,-3.76804427589539e-02,-4.31466903371852e-03
1.88E+04,-3.74842445069667e-02,-4.27302745318468e-03
1.88E+04,-3.72898855309666e-02,-4.23197641895424e-03
1.88E+04,-3.70973406106745e-02,-4.19150487455673e-03
1.88E+04,-3.69065849786791e-02,-4.15160202005325e-03
1.88E+04,-3.67175943104567e-02,-4.11225730495386e-03
1.89E+04,-3.65303447146494e-02,-4.07346042136110e-03
1.89E+04,-3.63448127235946e-02,-4.03520129733167e-03
1.89E+04,-3.61609752840977e-02,-3.99747009044824e-03
1.89E+04,-3.59788097484424e-02,-3.96025718159391e-03
1.89E+04,-3.57982938656290e-02,-3.92355316892212e-03
1.89E+04,-3.56194057728373e-02,-3.88734886201498e-03
1.90E+04,-3.54421239871046e-02,-3.85163527622331e-03
1.90E+04,-3.52664273972150e-02,-3.81640362718221e-03
1.90E+04,-3.50922952557913e-02,-3.78164532549566e-03
1.90E+04,-3.49197071715868e-02,-3.74735197158448e-03
1.90E+04,-3.47486431019687e-02,-3.71351535069193e-03
1.90E+04,-3.45790833455882e-02,-3.68012742804135e-03
1.91E+04,-3.44110085352336e-02,-3.64718034414072e-03
1.91E+04,-3.42443996308584e-02,-3.61466641022905e-03
1.91E+04,-3.40792379127820e-02,-3.58257810385973e-03
1.91E+04,-3.39155049750571e-02,-3.55090806461616e-03
1.91E+04,-3.37531827189986e-02,-3.51964908995516e-03
1.91E+04,-3.35922533468704e-02,-3.48879413117392e-03
1.92E+04,-3.34326993557252e-02,-3.45833628949618e-03
1.92E+04,-3.32745035313934e-02,-3.42826881227378e-03
1.92E+04,-3.31176489426162e-02,-3.39858508929964e-03
1.92E+04,-3.29621189353201e-02,-3.36927864922847e-03
1.92E+04,-3.28078971270279e-02,-3.34034315610169e-03
1.92E+04,-3.26549674014026e-02,-3.31177240597303e-03
1.93E+04,-3.25033139029218e-02,-3.28356032363166e-03
1.93E+04,-3.23529210316765e-02,-3.25570095941934e-03
1.93E+04,-3.22037734382939e-02,-3.22818848613894e-03
1.93E+04,-3.20558560189783e-02,-3.20101719605106e-03
1.93E+04,-3.19091539106693e-02,-3.17418149795594e-03
1.94E+04,-3.17636524863113e-02,-3.14767591435802e-03
1.94E+04,-3.16193373502344e-02,-3.12149507871045e-03
1.94E+04,-3.14761943336410e-02,-3.09563373273685e-03
1.94E+04,-3.13342094901975e-02,-3.07008672382813e-03
1.94E+04,-3.11933690917267e-02,-3.04484900251176e-03
1.94E+04,-3.10536596239993e-02,-3.01991561999126e-03
1.95E+04,-3.09150677826210e-02,-2.99528172575374e-03
1.95E+04,-3.07775804690136e-02,-2.97094256524339e-03
1.95E+04,-3.06411847864868e-02,-2.94689347759863e-03
1.95E+04,-3.05058680363994e-02,-2.92312989345129e-03
1.95E+04,-3.03716177144060e-02,-2.89964733278558e-03
1.95E+04,-3.02384215067885e-02,-2.87644140285522e-03
1.96E+04,-3.01062672868699e-02,-2.85350779615673e-03
1.96E+04,-2.99751431115069e-02,-2.83084228845741e-03
1.96E+04,-2.98450372176617e-02,-2.80844073687616e-03
1.96E+04,-2.97159380190486e-02,-2.78629907801547e-03
1.96E+04,-2.95878341028554e-02,-2.76441332614333e-03
1.96E+04,-2.94607142265360e-02,-2.74277957142317e-03
1.97E+04,-2.93345673146740e-02,-2.72139397819067e-03
1.97E+04,-2.92093824559142e-02,-2.70025278327591e-03
1.97E+04,-2.90851488999617e-02,-2.67935229436950e-03
1.97E+04,-2.89618560546447e-02,-2.65868888843146e-03
1.97E+04,-2.88394934830420e-02,-2.63825901014143e-03
1.97E+04,-2.87180509006720e-02,-2.61805917038923e-03
1.98E+04,-2.85975181727416e-02,-2.59808594480425e-03
1.98E+04,-2.84778853114548e-02,-2.57833597232290e-03
1.98E+04,-2.83591424733778e-02,-2.55880595379271e-03
1.98E+04,-2.82412799568606e-02,-2.53949265061211e-03
1.98E+04,-2.81242881995133e-02,-2.52039288340496e-03
1.98E+04,-2.80081577757354e-02,-2.50150353072864e-03
1.99E+04,-2.78928793942971e-02,-2.48282152781489e-03
1.99E+04,-2.77784438959716e-02,-2.46434386534233e-03
1.99E+04,-2.76648422512166e-02,-2.44606758823988e-03
1.99E+04,-2.75520655579043e-02,-2.42798979452003e-03
1.99E+04,-2.74401050390985e-02,-2.41010763414138e-03
1.99E+04,-2.73289520408775e-02,-2.39241830789926e-03
2.00E+04,-2.72185980302026e-02,-2.37491906634398e-03
2.00E+04,-2.71090345928294e-02,-2.35760720872571e-03
2.00E+04,-2.70002534312629e-02,-2.34048008196532e-03
2.00E+04,-2.68922463627539e-02,-2.32353507965049e-03
2.00E+04,-2.67850053173362e-02,-2.30676964105627e-03
2.00E+04,-2.66785223359038e-02,-2.29018125018962e-03
2.01E+04,-2.65727895683270e-02,-2.27376743485694e-03
2.01E+04,-2.64677992716067e-02,-2.25752576575434e-03
2.01E+04,-2.63635438080651e-02,-2.24145385557973e-03
2.01E+04,-2.62600156435737e-02,-2.22554935816624e-03
2.01E+04,-2.61572073458160e-02,-2.20980996763644e-03
2.02E+04,-2.60551115825852e-02,-2.19423341757666e-03
2.02E+04,-2.59537211201151e-02,-2.17881748023101e-03
2.02E+04,-2.58530288214449e-02,-2.16355996571449e-03
2.02E+04,-2.57530276448159e-02,-2.14845872124465e-03
2.02E+04,-2.56537106420992e-02,-2.13351163039136e-03
2.02E+04,-2.55550709572555e-02,-2.11871661234422e-03
2.03E+04,-2.54571018248234e-02,-2.10407162119702e-03
2.03E+04,-2.53597965684389e-02,-2.08957464524897e-03
2.03E+04,-2.52631485993821e-02,-2.07522370632210e-03
2.03E+04,-2.51671514151532e-02,-2.06101685909452e-03
2.03E+04,-2.50717985980753e-02,-2.04695219044901e-03
2.03E+04,-2.49770838139248e-02,-2.03302781883667e-03
2.04E+04,-2.48830008105870e-02,-2.01924189365509e-03
2.04E+04,-2.47895434167388e-02,-2.00559259464081e-03
2.04E+04,-2.46967055405552e-02,-1.99207813127557e-03
2.04E+04,-2.46044811684417e-02,-1.97869674220604e-03
2.04E+04,-2.45128643637894e-02,-1.96544669467678e-03
2.04E+04,-2.44218492657549e-02,-1.95232628397585e-03
2.05E+04,-2.43314300880624e-02,-1.93933383289307e-03
2.05E+04,-2.42416011178283e-02,-1.92646769119023e-03
2.05E+04,-2.41523567144087e-02,-1.91372623508335e-03
2.05E+04,-2.40636913082670e-02,-1.90110786673630e-03
2.05E+04,-2.39755993998642e-02,-1.88861101376583e-03
2.05E+04,-2.38880755585683e-02,-1.87623412875740e-03
2.06E+04,-2.38011144215853e-02,-1.86397568879185e-03
2.06E+04,-2.37147106929086e-02,-1.85183419498239e-03
2.06E+04,-2.36288591422888e-02,-1.83980817202180e-03
2.06E+04,-2.35435546042220e-02,-1.82789616773949e-03
2.06E+04,-2.34587919769564e-02,-1.81609675266830e-03
2.06E+04,-2.33745662215174e-02,-1.80440851962059e-03
2.07E+04,-2.32908723607502e-02,-1.79283008327367e-03
2.07E+04,-2.32077054783800e-02,-1.78136007976408e-03
2.07E+04,-2.31250607180889e-02,-1.76999716629063e-03
2.07E+04,-2.30429332826099e-02,-1.75874002072599e-03
2.07E+04,-2.29613184328364e-02,-1.74758734123662e-03
2.07E+04,-2.28802114869487e-02,-1.73653784591072e-03
2.08E+04,-2.27996078195554e-02,-1.72559027239421e-03
2.08E+04,-2.27195028608501e-02,-1.71474337753436e-03
2.08E+04,-2.26398920957839e-02,-1.70399593703100e-03
2.08E+04,-2.25607710632513e-02,-1.69334674509507e-03
2.08E+04,-2.24821353552915e-02,-1.68279461411433e-03
2.08E+04,-2.24039806163037e-02,-1.67233837432614e-03
2.09E+04,-2.23263025422756e-02,-1.66197687349705e-03
2.09E+04,-2.22490968800257e-02,-1.65170897660902e-03
2.09E+04,-2.21723594264595e-02,-1.64153356555223e-03
2.09E+04,-2.20960860278374e-02,-1.63144953882427e-03
2.09E+04,-2.20202725790568e-02,-1.62145581123547e-03
2.09E+04,-2.19449150229449e-02,-1.61155131362035e-03
2.10E+04,-2.18700093495658e-02,-1.60173499255499e-03
2.10E+04,-2.17955515955374e-02,-1.59200581008022e-03
2.10E+04,-2.17215378433621e-02,-1.58236274343038e-03
2.10E+04,-2.16479642207671e-02,-1.57280478476771e-03
2.10E+04,-2.15748269000574e-02,-1.56333094092206e-03
2.11E+04,-2.15021220974790e-02,-1.55394023313590e-03
2.11E+04,-2.14298460725935e-02,-1.54463169681446e-03
2.11E+04,-2.13579951276626e-02,-1.53540438128094e-03
2.11E+04,-2.12865656070440e-02,-1.52625734953659e-03
2.11E+04,-2.12155538965963e-02,-1.51718967802565e-03
2.11E+04,-2.11449564230949e-02,-1.50820045640487e-03
2.12E+04,-2.10747696536575e-02,-1.49928878731780e-03
2.12E+04,-2.10049900951784e-02,-1.49045378617336e-03
2.12E+04,-2.09356142937737e-02,-1.48169458092897e-03
2.12E+04,-2.08666388342342e-02,-1.47301031187782e-03
2.12E+04,-2.07980603394885e-02,-1.46440013144044e-03
2.12E+04,-2.07298754700745e-02,-1.45586320396028e-03
2.13E+04,-2.06620809236197e-02,-1.44739870550335e-03
2.13E+04,-2.05946734343298e-02,-1.43900582366172e-03
2.13E+04,-2.05276497724867e-02,-1.43068375736092e-03
2.13E+04,-2.04610067439529e-02,-1.42243171667099e-03
2.13E+04,-2.03947411896860e-02,-1.41424892262124e-03
2.13E+04,-2.03288499852600e-02,-1.40613460701861e-03
2.14E+04,-2.02633300403940e-02,-1.39808801226947e-03
2.14E+04,-2.01981782984898e-02,-1.39010839120489e-03
2.14E+04,-2.01333917361758e-02,-1.38219500690921e-03
2.14E+04,-2.00689673628592e-02,-1.37434713255197e-03
2.14E+04,-2.00049022202843e-02,-1.36656405122290e-03
2.14E+04,-1.99411933820993e-02,-1.35884505577024e-03
2.15E+04,-1.98778379534282e-02,-1.35118944864192e-03
2.15E+04,-1.98148330704518e-02,-1.34359654172987e-03
2.15E+04,-1.97521758999932e-02,-1.33606565621727e-03
2.15E+04,-1.96898636391112e-02,-1.32859612242857e-03
2.15E+04,-1.96278935146996e-02,-1.32118727968242e-03
2.15E+04,-1.95662627830933e-02,-1.31383847614732e-03
2.16E+04,-1.95049687296800e-02,-1.30654906869992e-03
2.16E+04,-1.94440086685182e-02,-1.29931842278607e-03
2.16E+04,-1.93833799419618e-02,-1.29214591228426e-03
2.16E+04,-1.93230799202894e-02,-1.28503091937182e-03
2.16E+04,-1.92631060013404e-02,-1.27797283439335e-03
2.16E+04,-1.92034556101565e-02,-1.27097105573180e-03
2.17E+04,-1.91441261986282e-02,-1.26402498968171e-03
2.17E+04,-1.90851152451477e-02,-1.25713405032493e-03
2.17E+04,-1.90264202542663e-02,-1.25029765940854e-03
2.17E+04,-1.89680387563577e-02,-1.24351524622497e-03
2.17E+04,-1.89099683072862e-02,-1.23678624749434e-03
2.17E+04,-1.88522064880799e-02,-1.23011010724897e-03
2.18E+04,-1.87947509046090e-02,-1.22348627671987e-03
2.18E+04,-1.87375991872691e-02,-1.21691421422534e-03
2.18E+04,-1.86807489906693e-02,-1.21039338506163e-03
2.18E+04,-1.86241979933247e-02,-1.20392326139544e-03
2.18E+04,-1.85679438973541e-02,-1.19750332215843e-03
2.19E+04,-1.85119844281816e-02,-1.19113305294360e-03
2.19E+04,-1.84563173342436e-02,-1.18481194590347e-03
2.19E+04,-1.84009403866991e-02,-1.17853949965015e-03
2.19E+04,-1.83458513791454e-02,-1.17231521915710e-03
2.19E+04,-1.82910481273371e-02,-1.16613861566265e-03
2.19E+04,-1.82365284689103e-02,-1.16000920657527e-03
2.20E+04,-1.81822902631098e-02,-1.15392651538043e-03
2.20E+04,-1.81283313905211e-02,-1.14789007154913e-03
2.20E+04,-1.80746497528065e-02,-1.14189941044805e-03
2.20E+04,-1.80212432724444e-02,-1.13595407325124e-03
2.20E+04,-1.79681098924727e-02,-1.13005360685334e-03
2.20E+04,-1.79152475762364e-02,-1.12419756378433e-03
2.21E+04,-1.78626543071387e-02,-1.11838550212577e-03
2.21E+04,-1.78103280883950e-02,-1.11261698542843e-03
2.21E+04,-1.77582669427918e-02,-1.10689158263139e-03
2.21E+04,-1.77064689124481e-02,-1.10120886798254e-03
2.21E+04,-1.76549320585804e-02,-1.09556842096040e-03
2.21E+04,-1.76036544612719e-02,-1.08996982619728e-03
2.22E+04,-1.75526342192438e-02,-1.08441267340382e-03
2.22E+04,-1.75018694496309e-02,-1.07889655729473e-03
2.22E+04,-1.74513582877598e-02,-1.07342107751584e-03
2.22E+04,-1.74010988869310e-02,-1.06798583857238e-03
2.22E+04,-1.73510894182032e-02,-1.06259044975845e-03
2.22E+04,-1.73013280701813e-02,-1.05723452508772e-03
2.23E+04,-1.72518130488073e-02,-1.05191768322528e-03
2.23E+04,-1.72025425771543e-02,-1.04663954742057e-03
2.23E+04,-1.71535148952230e-02,-1.04139974544157e-03
2.23E+04,-1.71047282597413e-02,-1.03619790950995e-03
2.23E+04,-1.70561809439673e-02,-1.03103367623741e-03
2.23E+04,-1.70078712374939e-02,-1.02590668656300e-03
2.24E+04,-1.69597974460573e-02,-1.02081658569149e-03
2.24E+04,-1.69119578913474e-02,-1.01576302303286e-03
2.24E+04,-1.68643509108214e-02,-1.01074565214261e-03
2.24E+04,-1.68169748575193e-02,-1.00576413066323e-03
2.24E+04,-1.67698280998831e-02,-1.00081812026653e-03
2.24E+04,-1.67229090215770e-02,-9.95907286596930e-04
2.25E+04,-1.66762160213118e-02,-9.91031299215694e-04
2.25E+04,-1.66297475126701e-02,-9.86189831546086e-04
2.25E+04,-1.65835019239353e-02,-9.81382560819389e-04
2.25E+04,-1.65374776979218e-02,-9.76609168021813e-04
2.25E+04,-1.64916732918083e-02,-9.71869337842273e-04
2.25E+04,-1.64460871769731e-02,-9.67162758621002e-04
2.26E+04,-1.64007178388320e-02,-9.62489122298987e-04
2.26E+04,-1.63555637766774e-02,-9.57848124368239e-04
2.26E+04,-1.63106235035212e-02,-9.53239463822846e-04
2.26E+04,-1.62658955459381e-02,-9.48662843110810e-04
2.26E+04,-1.62213784439124e-02,-9.44117968086664e-04
2.27E+04,-1.61770707506862e-02,-9.39604547964838e-04
2.27E+04,-1.61329710326098e-02,-9.35122295273767e-04
2.27E+04,-1.60890778689939e-02,-9.30670925810736e-04
2.27E+04,-1.60453898519643e-02,-9.26250158597424e-04
2.27E+04,-1.60019055863182e-02,-9.21859715836171e-04
2.27E+04,-1.59586236893821e-02,-9.17499322866920e-04
2.28E+04,-1.59155427908724e-02,-9.13168708124841e-04
2.28E+04,-1.58726615327572e-02,-9.08867603098632e-04
2.28E+04,-1.58299785691202e-02,-9.04595742289442e-04
2.28E+04,-1.57874925660264e-02,-9.00352863170480e-04
2.28E+04,-1.57452022013893e-02,-8.96138706147212e-04
2.28E+04,-1.57031061648406e-02,-8.91953014518213e-04
2.29E+04,-1.56612031576005e-02,-8.87795534436602e-04
2.29E+04,-1.56194918923508e-02,-8.83666014872080e-04
2.29E+04,-1.55779710931090e-02,-8.79564207573570e-04
2.29E+04,-1.55366394951041e-02,-8.75489867032414e-04
2.29E+04,-1.54954958446544e-02,-8.71442750446144e-04
2.29E+04,-1.54545388990465e-02,-8.67422617682819e-04
2.30E+04,-1.54137674264161e-02,-8.63429231245888e-04
2.30E+04,-1.53731802056301e-02,-8.59462356239612e-04
2.30E+04,-1.53327760261708e-02,-8.55521760334999e-04
2.30E+04,-1.52925536880205e-02,-8.51607213736268e-04
2.30E+04,-1.52525120015492e-02,-8.47718489147815e-04
2.30E+04,-1.52126497874020e-02,-8.43855361741680e-04
2.31E+04,-1.51729658763894e-02,-8.40017609125515e-04
2.31E+04,-1.51334591093777e-02,-8.36205011311022e-04
2.31E+04,-1.50941283371824e-02,-8.32417350682884e-04
2.31E+04,-1.50549724204611e-02,-8.28654411968148e-04
2.31E+04,-1.50159902296096e-02,-8.24915982206068e-04
2.31E+04,-1.49771806446576e-02,-8.21201850718416e-04
2.32E+04,-1.49385425551673e-02,-8.17511809080214e-04
2.32E+04,-1.49000748601319e-02,-8.13845651090920e-04
2.32E+04,-1.48617764678765e-02,-8.10203172746034e-04
2.32E+04,-1.48236462959596e-02,-8.06584172209122e-04
2.32E+04,-1.47856832710760e-02,-8.02988449784271e-04
2.32E+04,-1.47478863289610e-02,-7.99415807888930e-04
2.33E+04,-1.47102544142955e-02,-7.95866051027166e-04
2.33E+04,-1.46727864806130e-02,-7.92338985763310e-04
2.33E+04,-1.46354814902068e-02,-7.88834420695986e-04
2.33E+04,-1.45983384140390e-02,-7.85352166432529e-04
2.33E+04,-1.45613562316508e-02,-7.81892035563769e-04
2.33E+04,-1.45245339310729e-02,-7.78453842639188e-04
2.34E+04,-1.44878705087383e-02,-7.75037404142438e-04
2.34E+04,-1.44513649693955e-02,-7.71642538467213e-04
2.34E+04,-1.44150163260222e-02,-7.68269065893475e-04
2.34E+04,-1.43788235997418e-02,-7.64916808564020e-04
2.34E+04,-1.43427858197388e-02,-7.61585590461386e-04
2.35E+04,-1.43069020231769e-02,-7.58275237385090e-04
2.35E+04,-1.42711712551171e-02,-7.54985576929199e-04
2.35E+04,-1.42355925684374e-02,-7.51716438460216e-04
2.35E+04,-1.42001650237532e-02,-7.48467653095285e-04
2.35E+04,-1.41648876893388e-02,-7.45239053680714e-04
2.35E+04,-1.41297596410492e-02,-7.42030474770797e-04
2.36E+04,-1.40947799622444e-02,-7.38841752606936e-04
2.36E+04,-1.40599477437127e-02,-7.35672725097070e-04
2.36E+04,-1.40252620835965e-02,-7.32523231795388e-04
2.36E+04,-1.39907220873178e-02,-7.29393113882327e-04
2.36E+04,-1.39563268675058e-02,-7.26282214144864e-04
2.36E+04,-1.39220755439238e-02,-7.23190376957071e-04
2.37E+04,-1.38879672433990e-02,-7.20117448260958e-04
2.37E+04,-1.38540010997511e-02,-7.17063275547574e-04
2.37E+04,-1.38201762537230e-02,-7.14027707838377e-04
2.37E+04,-1.37864918529121e-02,-7.11010595666871e-04
2.37E+04,-1.37529470517023e-02,-7.08011791060484e-04
2.37E+04,-1.37195410111966e-02,-7.05031147522718e-04
2.38E+04,-1.36862728991509e-02,-7.02068520015526e-04
2.38E+04,-1.36531418899083e-02,-6.99123764941957e-04
2.38E+04,-1.36201471643345e-02,-6.96196740129020e-04
2.38E+04,-1.35872879097534e-02,-6.93287304810795e-04
2.38E+04,-1.35545633198841e-02,-6.90395319611785e-04
2.38E+04,-1.35219725947779e-02,-6.87520646530473e-04
2.39E+04,-1.34895149407571e-02,-6.84663148923137e-04
2.39E+04,-1.34571895703533e-02,-6.81822691487858e-04
2.39E+04,-1.34249957022471e-02,-6.78999140248766e-04
2.39E+04,-1.33929325612089e-02,-6.76192362540493e-04
2.39E+04,-1.33609993780391e-02,-6.73402226992837e-04
2.39E+04,-1.33291953895102e-02,-6.70628603515643e-04
2.40E+04,-1.32975198383095e-02,-6.67871363283880e-04
2.40E+04,-1.32659719729811e-02,-6.65130378722924e-04
2.40E+04,-1.32345510478709e-02,-6.62405523494044e-04
2.40E+04,-1.32032563230695e-02,-6.59696672480073e-04
2.40E+04,-1.31720870643583e-02,-6.57003701771291e-04
2.40E+04,-1.31410425431546e-02,-6.54326488651477e-04
2.41E+04,-1.31101220364576e-02,-6.51664911584162e-04
2.41E+04,-1.30793248267958e-02,-6.49018850199059e-04
2.41E+04,-1.30486502021737e-02,-6.46388185278684e-04
2.41E+04,-1.30180974560206e-02,-6.43772798745143e-04
2.41E+04,-1.29876658871386e-02,-6.41172573647105e-04
2.41E+04,-1.29573547996521e-02,-6.38587394146944e-04
2.42E+04,-1.29271635029572e-02,-6.36017145508051e-04
2.42E+04,-1.28970913116729e-02,-6.33461714082321e-04
2.42E+04,-1.28671375455907e-02,-6.30920987297791e-04
2.42E+04,-1.28373015296273e-02,-6.28394853646462e-04
2.42E+04,-1.28075825937759e-02,-6.25883202672259e-04
2.43E+04,-1.27779800730588e-02,-6.23385924959170e-04
2.43E+04,-1.27484933074804e-02,-6.20902912119522e-04
2.43E+04,-1.27191216419813e-02,-6.18434056782425e-04
2.43E+04,-1.26898644263916e-02,-6.15979252582364e-04
2.43E+04,-1.26607210153862e-02,-6.13538394147933e-04
2.43E+04,-1.26316907684395e-02,-6.11111377090721e-04
2.44E+04,-1.26027730497811e-02,-6.08698097994346e-04
2.44E+04,-1.25739672283521e-02,-6.06298454403625e-04
2.44E+04,-1.25452726777615e-02,-6.03912344813888e-04
2.44E+04,-1.25166887762431e-02,-6.01539668660426e-04
2.44E+04,-1.24882149066134e-02,-5.99180326308084e-04
2.44E+04,-1.24598504562295e-02,-5.96834219040980e-04
2.45E+04,-1.24315948169471e-02,-5.94501249052355e-04
2.45E+04,-1.24034473850804e-02,-5.92181319434566e-04
2.45E+04,-1.23754075613602e-02,-5.89874334169190e-04
2.45E+04,-1.23474747508950e-02,-5.87580198117268e-04
2.45E+04,-1.23196483631302e-02,-5.85298817009669e-04
2.45E+04,-1.22919278118094e-02,-5.83030097437571e-04
2.46E+04,-1.22643125149350e-02,-5.80773946843075e-04
2.46E+04,-1.22368018947305e-02,-5.78530273509933e-04
2.46E+04,-1.22093953776016e-02,-5.76298986554384e-04
2.46E+04,-1.21820923940990e-02,-5.74079995916124e-04
2.46E+04,-1.21548923788810e-02,-5.71873212349374e-04
2.46E+04,-1.21277947706768e-02,-5.69678547414074e-04
2.47E+04,-1.21007990122499e-02,-5.67495913467170e-04
2.47E+04,-1.20739045503622e-02,-5.65325223654037e-04
2.47E+04,-1.20471108357381e-02,-5.63166391899981e-04
2.47E+04,-1.20204173230293e-02,-5.61019332901866e-04
2.47E+04,-1.19938234707801e-02,-5.58883962119843e-04
2.47E+04,-1.19673287413924e-02,-5.56760195769175e-04
2.48E+04,-1.19409326010921e-02,-5.54647950812168e-04
2.48E+04,-1.19146345198947e-02,-5.52547144950209e-04
2.48E+04,-1.18884339715722e-02,-5.50457696615888e-04
2.48E+04,-1.18623304336198e-02,-5.48379524965235e-04
2.48E+04,-1.18363233872234e-02,-5.46312549870036e-04
2.48E+04,-1.18104123172268e-02,-5.44256691910256e-04
2.49E+04,-1.17845967121001e-02,-5.42211872366553e-04
2.49E+04,-1.17588760639073e-02,-5.40178013212880e-04
2.49E+04,-1.17332498682758e-02,-5.38155037109180e-04
2.49E+04,-1.17077176243644e-02,-5.36142867394173e-04
2.49E+04,-1.16822788348332e-02,-5.34141428078227e-04
2.49E+04,-1.16569330058129e-02,-5.32150643836321e-04
2.50E+04,-1.16316796468744e-02,-5.30170440001089e-04
2.50E+04,-1.16065182709999e-02,-5.28200742555952e-04
2.50E+04,-1.15814483945518e-02,-5.26241478128302e-04